target,sigma,N_eff_required
euclid_1e-5,1e-05,9999999999.999998
desi_1p5e-4,0.00015,44444444.444444455
window_1e-4,0.0001,100000000.0
