{
  "null_F_E0_BAO_only": {
    "label": "null_F_E0_BAO_only",
    "true": {
      "w0": -1.0,
      "wa": 0.0,
      "theta": 0.5,
      "sigma_X": 1e-06
    },
    "region": "borderline_or_weak",
    "w0": {
      "median": -0.9736373588498526,
      "p02": -1.1278543848502842,
      "p16": -1.0579347282982225,
      "p84": -0.8803792014484022,
      "p97": -0.7650415325718278
    },
    "wa": {
      "median": -0.11357782703300023,
      "p02": -1.1716129117650804,
      "p16": -0.5300919011240331,
      "p84": 0.241747890688128,
      "p97": 0.5592786680554639
    },
    "theta": {
      "median": 0.06297056049938818,
      "p02": 0.0012072902964808574,
      "p16": 0.0034276613148415246,
      "p84": 1.5631565012449837,
      "p97": 6.596447824345059
    },
    "sigma_X": {
      "median": 0.00018894050730173043,
      "p02": 1.2631137716278408e-06,
      "p16": 5.2872979427917926e-06,
      "p84": 0.004596334410999949,
      "p97": 0.01911590870160388
    },
    "sigma_X_95_upper": 0.014038782274216453
  },
  "null_F_E0_BAO_SN": {
    "label": "null_F_E0_BAO_SN",
    "true": {
      "w0": -1.0,
      "wa": 0.0,
      "theta": 0.5,
      "sigma_X": 1e-06
    },
    "region": "borderline_or_weak",
    "w0": {
      "median": -0.9516166276384166,
      "p02": -1.0986005816754894,
      "p16": -1.0292781825299133,
      "p84": -0.869824646755745,
      "p97": -0.7724898148234551
    },
    "wa": {
      "median": -0.21975661821671322,
      "p02": -1.1121404046657477,
      "p16": -0.577924251038163,
      "p84": 0.1092165621620249,
      "p97": 0.39661100820822454
    },
    "theta": {
      "median": 0.06984722809269085,
      "p02": 0.0012619156980225466,
      "p16": 0.004126377095267807,
      "p84": 1.579263915537368,
      "p97": 7.572882533641019
    },
    "sigma_X": {
      "median": 0.0001112010193035357,
      "p02": 1.2858434634345927e-06,
      "p16": 4.41161512845349e-06,
      "p84": 0.0036421345544185666,
      "p97": 0.017427499513082423
    },
    "sigma_X_95_upper": 0.012091444122690255
  },
  "E1_amplitude_BAO_only": {
    "label": "E1_amplitude_BAO_only",
    "true": {
      "w0": -1.0,
      "wa": 0.0,
      "theta": 0.1,
      "sigma_X": 0.008
    },
    "region": "borderline_or_weak",
    "w0": {
      "median": -0.8758374810649163,
      "p02": -1.0490264567942265,
      "p16": -0.9650081839449208,
      "p84": -0.7678346678612737,
      "p97": -0.6576204538117745
    },
    "wa": {
      "median": -0.5503517810755816,
      "p02": -1.5448004344473192,
      "p16": -1.034180769912944,
      "p84": -0.16244001015445733,
      "p97": 0.21630214823890087
    },
    "theta": {
      "median": 0.061305237969502616,
      "p02": 0.0011718133329579486,
      "p16": 0.003649632290438598,
      "p84": 1.7355052261835817,
      "p97": 7.666890255975251
    },
    "sigma_X": {
      "median": 0.00016934608359344154,
      "p02": 1.3771192345565212e-06,
      "p16": 5.375379250709591e-06,
      "p84": 0.0034671325005268517,
      "p97": 0.017768583479852603
    },
    "sigma_X_95_upper": 0.012170305270302674
  },
  "E1_amplitude_BAO_SN": {
    "label": "E1_amplitude_BAO_SN",
    "true": {
      "w0": -1.0,
      "wa": 0.0,
      "theta": 0.1,
      "sigma_X": 0.008
    },
    "region": "borderline_or_weak",
    "w0": {
      "median": -0.9465550333428301,
      "p02": -1.1002407030782653,
      "p16": -1.0250111708860299,
      "p84": -0.8693066528835242,
      "p97": -0.7928362240175748
    },
    "wa": {
      "median": -0.25091517402160685,
      "p02": -0.9260378822722165,
      "p16": -0.5882890589132501,
      "p84": 0.08491607409381184,
      "p97": 0.39741397722112515
    },
    "theta": {
      "median": 0.09084632495326536,
      "p02": 0.0012455921500630872,
      "p16": 0.003934524895848872,
      "p84": 2.430775715357298,
      "p97": 7.787628642071076
    },
    "sigma_X": {
      "median": 8.376726911036274e-05,
      "p02": 1.336814379800099e-06,
      "p16": 4.389650435515875e-06,
      "p84": 0.0024827688155908715,
      "p97": 0.013194290568752811
    },
    "sigma_X_95_upper": 0.009017033559181386
  },
  "E2_mean_reversion_BAO_only": {
    "label": "E2_mean_reversion_BAO_only",
    "true": {
      "w0": -1.0,
      "wa": 0.0,
      "theta": 1.5,
      "sigma_X": 0.012
    },
    "region": "borderline_or_weak",
    "w0": {
      "median": -1.234984333731155,
      "p02": -1.3776055120721398,
      "p16": -1.3054442421183021,
      "p84": -1.0760316359520075,
      "p97": -0.8944308182779931
    },
    "wa": {
      "median": 0.6059028191365528,
      "p02": -1.6926851583759024,
      "p16": -0.5759495799498948,
      "p84": 0.9347888213031862,
      "p97": 0.989090172000805
    },
    "theta": {
      "median": 0.03194410081473093,
      "p02": 0.0011727969581239938,
      "p16": 0.0028628451459275744,
      "p84": 0.5438250341105978,
      "p97": 5.239485093692964
    },
    "sigma_X": {
      "median": 0.0164175992704527,
      "p02": 2.327713986982518e-05,
      "p16": 0.003567282491174428,
      "p84": 0.02569513047881063,
      "p97": 0.029349868684629
    },
    "sigma_X_95_upper": 0.028733228611511608
  },
  "E2_mean_reversion_BAO_SN": {
    "label": "E2_mean_reversion_BAO_SN",
    "true": {
      "w0": -1.0,
      "wa": 0.0,
      "theta": 1.5,
      "sigma_X": 0.012
    },
    "region": "borderline_or_weak",
    "w0": {
      "median": -1.2271601347982761,
      "p02": -1.321585722759301,
      "p16": -1.2634461679021605,
      "p84": -1.1207348319751413,
      "p97": -0.9660448683176254
    },
    "wa": {
      "median": 0.7913829967290235,
      "p02": -0.35863364587207486,
      "p16": 0.29075145365427746,
      "p84": 0.9560591537674024,
      "p97": 0.9937157276380135
    },
    "theta": {
      "median": 0.3711974601243192,
      "p02": 0.001571040608650014,
      "p16": 0.015771825912321666,
      "p84": 2.4417177461397146,
      "p97": 7.823175708333904
    },
    "sigma_X": {
      "median": 0.0070197950101779085,
      "p02": 2.1014209681857837e-06,
      "p16": 0.000110687131969981,
      "p84": 0.017245267342605498,
      "p97": 0.026890422629581138
    },
    "sigma_X_95_upper": 0.02458089406872763
  }
}