{
  "null_F_E0_fixedBG": {
    "scenario": "null_F_E0_fixedBG",
    "fixed_background": true,
    "true": {
      "w0": -1.0,
      "wa": 0.0,
      "theta": 0.5,
      "sigma_X": 1e-06
    },
    "region_decision": "borderline_or_weak",
    "w0": {
      "median": -1.0,
      "p16": -1.0,
      "p84": -1.0,
      "p02": -1.0,
      "p97": -1.0
    },
    "wa": {
      "median": 0.0,
      "p16": 0.0,
      "p84": 0.0,
      "p02": 0.0,
      "p97": 0.0
    },
    "theta": {
      "median": 0.08534130573863738,
      "p16": 0.004005287599636734,
      "p84": 2.084903757464448,
      "p02": 0.0011871273215733583,
      "p97": 7.6000780129479395
    },
    "sigma_X": {
      "median": 8.409796485772387e-05,
      "p16": 4.584029204658729e-06,
      "p84": 0.001510704959293457,
      "p02": 1.2918373832297073e-06,
      "p97": 0.006087112462551368
    },
    "sigma_X_95_upper": 0.0041233290117496015,
    "theta_95_lower": 0.00151279131189325,
    "max_log_prob": 82.41493009568437,
    "n_samples": 10248
  },
  "null_F_E0_freeBG": {
    "scenario": "null_F_E0_freeBG",
    "fixed_background": false,
    "true": {
      "w0": -1.0,
      "wa": 0.0,
      "theta": 0.5,
      "sigma_X": 1e-06
    },
    "region_decision": "borderline_or_weak",
    "w0": {
      "median": -0.8521251468372074,
      "p16": -1.0081799219960188,
      "p84": -0.67973921195894,
      "p02": -1.130285185466684,
      "p97": -0.5647793172849492
    },
    "wa": {
      "median": -0.5789845481738578,
      "p16": -1.322605826025359,
      "p84": 0.08464257645922024,
      "p02": -1.832080826690619,
      "p97": 0.593251482206328
    },
    "theta": {
      "median": 0.1004560453542008,
      "p16": 0.004592824276437922,
      "p84": 1.9838002061186752,
      "p02": 0.0012394443242409274,
      "p97": 7.401829183534359
    },
    "sigma_X": {
      "median": 7.208453295636464e-05,
      "p16": 3.912512652918009e-06,
      "p84": 0.002098380146073678,
      "p02": 1.1799259098983951e-06,
      "p97": 0.008004027912153282
    },
    "sigma_X_95_upper": 0.006277902470756344,
    "theta_95_lower": 0.0015924249577445875,
    "max_log_prob": 83.30821176850418,
    "n_samples": 10248
  },
  "E1_amplitude_fixedBG": {
    "scenario": "E1_amplitude_fixedBG",
    "fixed_background": true,
    "true": {
      "w0": -1.0,
      "wa": 0.0,
      "theta": 0.1,
      "sigma_X": 0.012
    },
    "region_decision": "borderline_or_weak",
    "w0": {
      "median": -1.0,
      "p16": -1.0,
      "p84": -1.0,
      "p02": -1.0,
      "p97": -1.0
    },
    "wa": {
      "median": 0.0,
      "p16": 0.0,
      "p84": 0.0,
      "p02": 0.0,
      "p97": 0.0
    },
    "theta": {
      "median": 0.08877924666833664,
      "p16": 0.004447053627072153,
      "p84": 2.116103111867716,
      "p02": 0.0012759107711013413,
      "p97": 7.935691421703649
    },
    "sigma_X": {
      "median": 0.0006253188969986384,
      "p16": 8.255304704375299e-06,
      "p84": 0.004560952657938759,
      "p02": 1.3957307790622467e-06,
      "p97": 0.008605864473901997
    },
    "sigma_X_95_upper": 0.007428949788962246,
    "theta_95_lower": 0.001588245540628232,
    "max_log_prob": 79.94702508462895,
    "n_samples": 10248
  },
  "E1_amplitude_freeBG": {
    "scenario": "E1_amplitude_freeBG",
    "fixed_background": false,
    "true": {
      "w0": -1.0,
      "wa": 0.0,
      "theta": 0.1,
      "sigma_X": 0.012
    },
    "region_decision": "borderline_or_weak",
    "w0": {
      "median": -0.8482106874898667,
      "p16": -1.0099206371791263,
      "p84": -0.6870904168959108,
      "p02": -1.144412283947795,
      "p97": -0.5888857665363442
    },
    "wa": {
      "median": -0.7433346547795942,
      "p16": -1.4426014206883344,
      "p84": -0.05421118480318129,
      "p02": -1.8932152664003665,
      "p97": 0.5112039269143952
    },
    "theta": {
      "median": 0.1252316753090074,
      "p16": 0.0051745913353950625,
      "p84": 2.5281196438998133,
      "p02": 0.00133901384582212,
      "p97": 8.027834778337386
    },
    "sigma_X": {
      "median": 6.667419650745543e-05,
      "p16": 3.8286375382424035e-06,
      "p84": 0.0016901476753164225,
      "p02": 1.2359130148236128e-06,
      "p97": 0.006857020865882444
    },
    "sigma_X_95_upper": 0.0052764577239158925,
    "theta_95_lower": 0.0017756821221235597,
    "max_log_prob": 81.52223216446933,
    "n_samples": 10248
  },
  "E2_mean_reversion_fixedBG": {
    "scenario": "E2_mean_reversion_fixedBG",
    "fixed_background": true,
    "true": {
      "w0": -1.0,
      "wa": 0.0,
      "theta": 1.5,
      "sigma_X": 0.015
    },
    "region_decision": "E1_amplitude",
    "w0": {
      "median": -1.0,
      "p16": -1.0,
      "p84": -1.0,
      "p02": -1.0,
      "p97": -1.0
    },
    "wa": {
      "median": 0.0,
      "p16": 0.0,
      "p84": 0.0,
      "p02": 0.0,
      "p97": 0.0
    },
    "theta": {
      "median": 0.02978757486994417,
      "p16": 0.0031118266073693244,
      "p84": 0.35063496142118356,
      "p02": 0.001215926613641784,
      "p97": 1.623510965479225
    },
    "sigma_X": {
      "median": 0.00884752742420799,
      "p16": 0.007520664994325124,
      "p84": 0.009666139724939824,
      "p02": 0.006180566303643662,
      "p97": 0.009952000721438764
    },
    "sigma_X_95_upper": 0.00990086050090799,
    "theta_95_lower": 0.0014508724277027829,
    "max_log_prob": 78.98541987687746,
    "n_samples": 10248
  },
  "E2_mean_reversion_freeBG": {
    "scenario": "E2_mean_reversion_freeBG",
    "fixed_background": false,
    "true": {
      "w0": -1.0,
      "wa": 0.0,
      "theta": 1.5,
      "sigma_X": 0.015
    },
    "region_decision": "borderline_or_weak",
    "w0": {
      "median": -1.0843194042568944,
      "p16": -1.2253399042797308,
      "p84": -0.8969732278833282,
      "p02": -1.3146155442764706,
      "p97": -0.7311811192642774
    },
    "wa": {
      "median": -0.1249430411283407,
      "p16": -0.9617637009455403,
      "p84": 0.4845491019433947,
      "p02": -1.7159402448337877,
      "p97": 0.869190751491626
    },
    "theta": {
      "median": 0.1130416572094499,
      "p16": 0.004529106801672055,
      "p84": 2.1025606389850844,
      "p02": 0.0012889521718932161,
      "p97": 7.723165740022658
    },
    "sigma_X": {
      "median": 7.831970998090524e-05,
      "p16": 3.854463149003194e-06,
      "p84": 0.0017670016655338115,
      "p02": 1.2410652326326294e-06,
      "p97": 0.007200099245477012
    },
    "sigma_X_95_upper": 0.005533811995353208,
    "theta_95_lower": 0.0016677535042277356,
    "max_log_prob": 84.10204361751289,
    "n_samples": 10248
  }
}