z_eff,S_z,x_ln_a
0.295,-0.284,-0.258510695151501
0.51,-0.462,-0.412109650826833
0.706,-0.595,-0.5341514490694873
0.934,-0.719,-0.6595903970311027
1.321,-0.87,-0.8419981272922998
1.484,-0.917,-0.9098701640712323
2.33,-1.07,-1.2029723039923526
