case,theta,gamma_per_Gyr,t_half_MapA_Gyr,Delta_x_half,sigma_res_Sorkin_DESI,sigma_res_Sorkin_recomb
MLE floor (resume/paper),0.001,6.893025158519126e-05,10055.776159518018,693.1471805599452,9.99060441661602e-62,9.930295570363532e-62
Old base THETA_BASE=1.2 (superseded),1.2,0.0827163019022295,8.379813466265015,0.5776226504666211,3.236799694325368e-62,2.2626131105973655e-65
Half-decay over DESI path Dx=0.94,0.7373906176169631,0.05082852078889683,13.636973293768543,0.94,5e-62,5.7535584702944034e-64
Half-decay since recombination,0.0990939308153573,0.0068305695816681155,101.47721537310942,6.99484998583307,9.110583849053114e-62,5e-62
Hubble-scale: t_1/2 = t_H0 (Map A),0.6931471805599453,0.047778809541563015,14.507418397626111,1.0,5.212328804205607e-62,7.840438256487684e-64
Age-scale: t_1/2 = t0 (Map A),0.7288725382896604,0.050241367437843236,13.796343847875585,0.9509854523898696,5.040195681387812e-62,6.106789682276635e-64
